date,month,dow_num,day_of_week,total_volume,total_workload_hours,avg_aht,shrinkage_pct,scheduled_fte,available_hours,utilization_pct
2024-01-01,January,0,Monday,4079,468.61,488.6,0.2932,79,446.7,104.9
2024-01-02,January,1,Tuesday,3972,458.79,487.0,0.2887,93,529.21,86.69
2024-01-03,January,2,Wednesday,3342,380.71,479.6,0.3034,58,323.22,117.79
2024-01-04,January,3,Thursday,3179,365.95,488.6,0.2708,66,385.02,95.05
2024-01-05,January,4,Friday,3024,349.18,487.8,0.2832,58,332.6,104.98
2024-01-06,January,5,Saturday,2288,263.11,486.6,0.3231,51,276.18,95.27
2024-01-07,January,6,Sunday,1687,196.53,492.6,0.2861,40,228.45,86.03
2024-01-08,January,0,Monday,3640,440.86,501.8,0.3187,81,441.48,99.86
2024-01-09,January,1,Tuesday,3787,433.53,483.2,0.3053,82,455.72,95.13
2024-01-10,January,2,Wednesday,3436,394.05,479.4,0.2729,78,453.71,86.85
2024-01-11,January,3,Thursday,3286,392.87,487.8,0.3095,82,452.97,86.73
2024-01-12,January,4,Friday,3000,342.66,461.6,0.2982,70,393.01,87.19
2024-01-13,January,5,Saturday,2220,271.64,495.2,0.2932,48,271.41,100.08
2024-01-14,January,6,Sunday,1736,197.25,467.4,0.3037,36,200.53,98.36
2024-01-15,January,0,Monday,3996,457.44,465.6,0.3071,83,460.09,99.42
2024-01-16,January,1,Tuesday,3756,423.89,480.2,0.3106,73,402.61,105.29
2024-01-17,January,2,Wednesday,3586,399.97,466.8,0.3177,73,398.46,100.38
2024-01-18,January,3,Thursday,3363,382.82,474.8,0.3061,69,383.03,99.95
2024-01-19,January,4,Friday,2950,330.82,474.4,0.2794,58,334.36,98.94
2024-01-20,January,5,Saturday,2267,261.99,475.4,0.2929,49,277.18,94.52
2024-01-21,January,6,Sunday,1571,182.68,480.6,0.3441,35,183.65,99.47
2024-01-22,January,0,Monday,4140,473.45,485.8,0.3109,82,452.05,104.73
2024-01-23,January,1,Tuesday,3685,431.18,482.8,0.3355,93,494.39,87.21
2024-01-24,January,2,Wednesday,3417,391.16,464.4,0.3209,76,412.89,94.74
2024-01-25,January,3,Thursday,3454,385.71,457.4,0.3036,59,328.7,117.34
2024-01-26,January,4,Friday,3002,343.03,469.4,0.3045,62,344.97,99.44
2024-01-27,January,5,Saturday,2155,247.66,484.6,0.2995,51,285.8,86.66
2024-01-28,January,6,Sunday,1654,193.59,480.8,0.2739,38,220.73,87.7
2024-01-29,January,0,Monday,3901,444.9,466.0,0.3003,83,464.6,95.76
2024-01-30,January,1,Tuesday,3667,406.07,460.6,0.3182,63,343.63,118.17
2024-01-31,January,2,Wednesday,3458,397.32,485.2,0.291,67,380.02,104.55
2024-02-01,February,3,Thursday,3347,368.87,466.8,0.3062,76,421.83,87.45
2024-02-02,February,4,Friday,3020,332.09,460.4,0.3128,69,379.33,87.55
2024-02-03,February,5,Saturday,2426,273.37,476.0,0.2864,55,313.98,87.07
2024-02-04,February,6,Sunday,1576,187.45,494.4,0.2932,38,214.87,87.24
2024-02-05,February,0,Monday,4239,490.02,465.2,0.2847,90,515.02,95.15
2024-02-06,February,1,Tuesday,3612,422.13,474.8,0.2877,63,359.0,117.58
2024-02-07,February,2,Wednesday,3411,393.74,478.4,0.2807,79,454.6,86.61
2024-02-08,February,3,Thursday,3273,374.33,475.8,0.2865,62,353.9,105.77
2024-02-09,February,4,Friday,2882,335.17,473.6,0.3213,59,320.35,104.63
2024-02-10,February,5,Saturday,2356,267.36,471.0,0.2863,47,268.35,99.63
2024-02-11,February,6,Sunday,1702,195.98,471.8,0.3019,40,223.39,87.73
2024-02-12,February,0,Monday,4118,485.3,490.6,0.2925,99,560.34,86.61
2024-02-13,February,1,Tuesday,3720,410.97,455.6,0.3177,87,474.88,86.54
2024-02-14,February,2,Wednesday,3506,414.81,477.0,0.3197,88,478.93,86.61
2024-02-15,February,3,Thursday,3239,368.44,469.0,0.313,77,423.19,87.06
2024-02-16,February,4,Friday,2956,343.15,481.2,0.3046,59,328.23,104.55
2024-02-17,February,5,Saturday,2261,261.7,466.4,0.2965,40,225.12,116.25
2024-02-18,February,6,Sunday,1603,191.24,496.4,0.2821,28,160.81,118.92
2024-02-19,February,0,Monday,3813,457.74,485.8,0.3292,85,456.14,100.35
2024-02-20,February,1,Tuesday,3880,429.29,477.4,0.2886,72,409.77,104.76
2024-02-21,February,2,Wednesday,3412,386.3,462.8,0.31,80,441.6,87.48
2024-02-22,February,3,Thursday,2861,337.11,487.6,0.3159,52,284.59,118.45
2024-02-23,February,4,Friday,2805,326.96,475.0,0.2917,61,345.65,94.59
2024-02-24,February,5,Saturday,2346,272.03,475.6,0.3156,52,284.71,95.55
2024-02-25,February,6,Sunday,1612,193.44,496.6,0.3115,37,203.8,94.92
2024-02-26,February,0,Monday,4208,476.95,474.0,0.3259,102,550.07,86.71
2024-02-27,February,1,Tuesday,3625,411.54,464.2,0.293,84,475.1,86.62
2024-02-28,February,2,Wednesday,3342,392.66,477.6,0.2807,68,391.3,100.35
2024-02-29,February,3,Thursday,3316,394.21,488.0,0.2924,70,396.26,99.48
2024-03-01,March,4,Friday,2983,342.34,485.2,0.3031,61,340.09,100.66
2024-03-02,March,5,Saturday,2338,270.18,484.4,0.3009,51,285.23,94.72
2024-03-03,March,6,Sunday,1750,201.81,498.0,0.2941,41,231.54,87.16
2024-03-04,March,0,Monday,3995,458.6,478.8,0.2714,83,483.79,94.79
2024-03-05,March,1,Tuesday,3762,444.22,485.2,0.3071,80,443.46,100.17
2024-03-06,March,2,Wednesday,3579,443.02,495.8,0.3296,95,509.5,86.95
2024-03-07,March,3,Thursday,3311,371.42,479.0,0.307,64,354.82,104.68
2024-03-08,March,4,Friday,2902,311.23,456.8,0.3091,48,265.31,117.31
2024-03-09,March,5,Saturday,2296,260.56,486.6,0.3086,40,221.25,117.77
2024-03-10,March,6,Sunday,1556,177.25,471.4,0.306,32,177.66,99.77
2024-03-11,March,0,Monday,4205,472.05,472.6,0.314,90,493.92,95.57
2024-03-12,March,1,Tuesday,3682,413.35,473.6,0.3059,71,394.25,104.84
2024-03-13,March,2,Wednesday,3635,417.65,474.2,0.2953,85,479.2,87.16
2024-03-14,March,3,Thursday,3285,372.9,480.6,0.2881,69,392.97,94.89
2024-03-15,March,4,Friday,3227,374.5,491.2,0.2963,66,371.55,100.79
2024-03-16,March,5,Saturday,2334,258.36,451.0,0.3047,49,272.56,94.79
2024-03-17,March,6,Sunday,1499,175.62,480.8,0.2953,31,174.77,100.49
2024-03-18,March,0,Monday,4233,479.74,485.2,0.3047,73,406.06,118.15
2024-03-19,March,1,Tuesday,3714,453.35,491.8,0.3066,70,388.3,116.75
2024-03-20,March,2,Wednesday,3550,407.93,474.0,0.3125,78,429.0,95.09
2024-03-21,March,3,Thursday,3173,373.92,492.4,0.3192,65,354.02,105.62
2024-03-22,March,4,Friday,2990,344.85,477.0,0.3012,71,396.92,86.88
2024-03-23,March,5,Saturday,2240,264.07,476.8,0.2804,46,264.81,99.72
2024-03-24,March,6,Sunday,1694,189.47,471.4,0.2948,39,220.02,86.11
2024-03-25,March,0,Monday,4290,480.48,468.0,0.3007,73,408.39,117.65
2024-03-26,March,1,Tuesday,3898,464.78,481.0,0.2725,76,442.32,105.08
2024-03-27,March,2,Wednesday,3339,394.08,487.4,0.3208,69,374.92,105.11
2024-03-28,March,3,Thursday,3266,377.99,487.8,0.3021,78,435.49,86.8
2024-03-29,March,4,Friday,2796,318.17,474.6,0.3057,49,272.17,116.9
2024-03-30,March,5,Saturday,2283,261.49,481.4,0.3205,55,298.98,87.46
2024-03-31,March,6,Sunday,1635,192.93,485.0,0.2905,36,204.34,94.42
2024-04-01,April,0,Monday,4048,486.03,487.2,0.3086,84,464.62,104.61
2024-04-02,April,1,Tuesday,4223,468.54,461.6,0.2984,79,443.41,105.67
2024-04-03,April,2,Wednesday,3852,444.7,483.4,0.2972,83,466.66,95.29
2024-04-04,April,3,Thursday,3375,409.51,483.4,0.2884,61,347.26,117.93
2024-04-05,April,4,Friday,3360,398.61,491.2,0.325,70,378.0,105.45
2024-04-06,April,5,Saturday,2340,273.28,485.4,0.2944,48,270.95,100.86
2024-04-07,April,6,Sunday,1701,201.44,482.2,0.3105,36,198.58,101.44
2024-04-08,April,0,Monday,4491,500.85,466.8,0.2719,73,425.21,117.79
2024-04-09,April,1,Tuesday,4022,470.4,484.4,0.3177,91,496.71,94.7
2024-04-10,April,2,Wednesday,3797,434.76,475.0,0.3158,91,498.1,87.28
2024-04-11,April,3,Thursday,3411,389.88,465.0,0.3015,59,329.69,118.26
2024-04-12,April,4,Friday,3205,370.22,484.8,0.2966,76,427.67,86.57
2024-04-13,April,5,Saturday,2533,284.39,463.2,0.306,44,244.29,116.41
2024-04-14,April,6,Sunday,1710,199.64,493.8,0.3343,38,202.37,98.65
2024-04-15,April,0,Monday,4021,454.75,469.8,0.2736,82,476.52,95.43
2024-04-16,April,1,Tuesday,4037,470.56,482.6,0.3117,85,468.04,100.54
2024-04-17,April,2,Wednesday,3685,425.21,455.6,0.2863,78,445.35,95.48
2024-04-18,April,3,Thursday,3582,398.15,458.0,0.2997,82,459.4,86.67
2024-04-19,April,4,Friday,3186,357.77,468.2,0.2963,54,304.0,117.69
2024-04-20,April,5,Saturday,2621,282.31,455.8,0.2936,48,271.26,104.07
2024-04-21,April,6,Sunday,1746,201.76,467.2,0.2998,34,190.45,105.94
2024-04-22,April,0,Monday,4658,533.34,478.0,0.283,98,562.13,94.88
2024-04-23,April,1,Tuesday,3815,426.39,471.8,0.3154,82,449.1,94.94
2024-04-24,April,2,Wednesday,3957,467.84,491.4,0.2731,80,465.22,100.56
2024-04-25,April,3,Thursday,3564,395.13,469.0,0.3081,68,376.39,104.98
2024-04-26,April,4,Friday,3342,385.76,487.6,0.2951,68,383.47,100.6
2024-04-27,April,5,Saturday,2442,276.06,477.4,0.2824,55,315.74,87.43
2024-04-28,April,6,Sunday,1843,217.22,484.0,0.303,37,206.31,105.29
2024-04-29,April,0,Monday,4156,491.56,480.0,0.2766,98,567.15,86.67
2024-04-30,April,1,Tuesday,4301,511.23,481.0,0.3006,78,436.43,117.14
2024-05-01,May,2,Wednesday,3933,471.38,483.8,0.2787,82,473.17,99.62
2024-05-02,May,3,Thursday,3907,448.81,473.8,0.3069,85,471.31,95.23
2024-05-03,May,4,Friday,3471,379.99,453.2,0.2861,63,359.81,105.61
2024-05-04,May,5,Saturday,2801,317.56,476.2,0.2932,56,316.65,100.29
2024-05-05,May,6,Sunday,1841,221.44,491.0,0.3044,42,233.72,94.75
2024-05-06,May,0,Monday,4369,503.54,494.4,0.2884,75,426.96,117.94
2024-05-07,May,1,Tuesday,4147,466.05,481.6,0.2991,79,442.97,105.21
2024-05-08,May,2,Wednesday,3949,433.47,458.8,0.2773,86,497.22,87.18
2024-05-09,May,3,Thursday,3587,403.71,467.8,0.3095,62,342.49,117.87
2024-05-10,May,4,Friday,3617,411.58,469.4,0.3265,80,431.04,95.49
2024-05-11,May,5,Saturday,2623,301.13,477.0,0.3419,54,284.3,105.92
2024-05-12,May,6,Sunday,1817,213.77,484.2,0.3014,36,201.2,106.25
2024-05-13,May,0,Monday,4698,543.39,471.6,0.3118,84,462.47,117.5
2024-05-14,May,1,Tuesday,4168,498.23,495.4,0.2733,81,470.9,105.8
2024-05-15,May,2,Wednesday,4075,481.76,486.4,0.3225,93,504.06,95.58
2024-05-16,May,3,Thursday,3639,411.59,457.4,0.3116,63,346.95,118.63
2024-05-17,May,4,Friday,3401,412.13,494.8,0.2927,84,475.31,86.71
2024-05-18,May,5,Saturday,2594,291.13,464.4,0.3186,45,245.3,118.68
2024-05-19,May,6,Sunday,1808,202.78,460.8,0.2962,31,174.54,116.18
2024-05-20,May,0,Monday,4337,501.43,490.8,0.2931,102,576.83,86.93
2024-05-21,May,1,Tuesday,4551,527.36,484.8,0.3071,100,554.32,95.14
2024-05-22,May,2,Wednesday,3894,463.72,484.6,0.284,81,463.97,99.95
2024-05-23,May,3,Thursday,3855,429.35,473.8,0.3153,78,427.25,100.49
2024-05-24,May,4,Friday,3192,381.83,480.4,0.2842,77,440.93,86.6
2024-05-25,May,5,Saturday,2617,296.63,476.8,0.2842,54,309.23,95.93
2024-05-26,May,6,Sunday,1888,213.31,475.8,0.2864,36,205.52,103.79
2024-05-27,May,0,Monday,4775,567.17,487.2,0.3114,118,650.04,87.25
2024-05-28,May,1,Tuesday,4015,456.47,480.8,0.2907,80,453.95,100.56
2024-05-29,May,2,Wednesday,3741,429.95,484.0,0.2798,78,449.4,95.67
2024-05-30,May,3,Thursday,3473,410.51,491.0,0.2909,61,346.04,118.63
2024-05-31,May,4,Friday,3624,405.91,456.8,0.2995,76,425.9,95.31
2024-06-01,June,5,Saturday,2783,303.96,461.0,0.2923,56,317.05,95.87
2024-06-02,June,6,Sunday,1945,229.83,488.6,0.2927,41,231.99,99.07
2024-06-03,June,0,Monday,4582,516.04,471.0,0.3417,98,516.11,99.99
2024-06-04,June,1,Tuesday,4057,450.83,458.8,0.2971,76,427.36,105.49
2024-06-05,June,2,Wednesday,3885,460.28,486.4,0.3052,79,439.11,104.82
2024-06-06,June,3,Thursday,3805,424.12,469.6,0.3045,88,489.63,86.62
2024-06-07,June,4,Friday,3336,381.58,486.8,0.3037,58,323.08,118.11
2024-06-08,June,5,Saturday,2692,317.07,490.0,0.3193,55,299.51,105.86
2024-06-09,June,6,Sunday,1861,210.05,466.4,0.3242,39,210.85,99.62
2024-06-10,June,0,Monday,4336,522.3,498.8,0.3054,99,550.12,94.94
2024-06-11,June,1,Tuesday,4432,513.0,482.0,0.2915,104,589.47,87.03
2024-06-12,June,2,Wednesday,3924,472.72,498.6,0.3291,84,450.84,104.85
2024-06-13,June,3,Thursday,3962,458.19,480.2,0.3086,87,481.21,95.22
2024-06-14,June,4,Friday,3442,385.37,476.0,0.336,76,403.71,95.46
2024-06-15,June,5,Saturday,2394,271.24,478.2,0.2763,44,254.74,106.48
2024-06-16,June,6,Sunday,1851,213.11,479.0,0.3129,33,181.39,117.49
2024-06-17,June,0,Monday,4348,510.5,466.6,0.3388,82,433.75,117.69
2024-06-18,June,1,Tuesday,4583,495.31,467.6,0.3047,102,567.36,87.3
2024-06-19,June,2,Wednesday,3804,452.98,489.0,0.3066,69,382.76,118.35
2024-06-20,June,3,Thursday,3675,415.68,468.2,0.3144,87,477.18,87.11
2024-06-21,June,4,Friday,3412,388.3,472.8,0.3016,69,385.52,100.72
2024-06-22,June,5,Saturday,2669,319.98,504.4,0.3053,55,305.67,104.68
2024-06-23,June,6,Sunday,1740,205.0,479.8,0.3049,39,216.87,94.53
2024-06-24,June,0,Monday,4654,553.97,483.6,0.3006,114,637.85,86.85
2024-06-25,June,1,Tuesday,4429,515.9,479.8,0.3284,82,440.57,117.1
2024-06-26,June,2,Wednesday,4084,463.49,472.8,0.3169,98,535.55,86.54
2024-06-27,June,3,Thursday,3980,463.87,483.4,0.3138,97,532.49,87.11
2024-06-28,June,4,Friday,3366,402.41,484.6,0.3221,63,341.66,117.78
2024-06-29,June,5,Saturday,2614,303.42,477.0,0.306,46,255.39,118.81
2024-06-30,June,6,Sunday,1901,220.88,483.6,0.2984,37,207.67,106.36
2024-07-01,July,0,Monday,3750,427.17,485.8,0.301,80,447.36,95.49
2024-07-02,July,1,Tuesday,3637,415.86,471.0,0.31,72,397.44,104.63
2024-07-03,July,2,Wednesday,3319,396.17,482.8,0.2941,67,378.36,104.71
2024-07-04,July,3,Thursday,3022,348.74,482.2,0.3025,53,295.74,117.92
2024-07-05,July,4,Friday,2712,319.21,482.0,0.3023,49,273.5,116.71
2024-07-06,July,5,Saturday,2143,245.54,464.6,0.3419,49,257.98,95.18
2024-07-07,July,6,Sunday,1589,190.25,495.4,0.2684,37,216.55,87.85
2024-07-08,July,0,Monday,3481,415.04,490.2,0.3073,71,393.45,105.49
2024-07-09,July,1,Tuesday,3452,399.99,479.4,0.3359,79,419.71,95.3
2024-07-10,July,2,Wednesday,3414,398.14,476.2,0.3118,69,379.89,104.8
2024-07-11,July,3,Thursday,3228,356.68,471.2,0.3213,76,412.65,86.44
2024-07-12,July,4,Friday,2945,335.35,487.6,0.3115,58,319.46,104.97
2024-07-13,July,5,Saturday,2190,254.18,491.2,0.3,45,252.0,100.87
2024-07-14,July,6,Sunday,1373,156.6,474.6,0.2764,28,162.09,96.61
2024-07-15,July,0,Monday,3702,389.74,433.0,0.3131,60,329.71,118.21
2024-07-16,July,1,Tuesday,3655,424.66,496.8,0.2984,72,404.12,105.08
2024-07-17,July,2,Wednesday,3100,361.71,470.0,0.298,68,381.89,94.72
2024-07-18,July,3,Thursday,3243,375.28,489.4,0.3025,71,396.18,94.72
2024-07-19,July,4,Friday,2933,341.68,482.4,0.3362,61,323.93,105.48
2024-07-20,July,5,Saturday,2255,262.69,485.0,0.3461,43,224.94,116.78
2024-07-21,July,6,Sunday,1718,201.7,477.2,0.3133,31,170.3,118.44
2024-07-22,July,0,Monday,3661,430.11,477.4,0.303,73,407.05,105.67
2024-07-23,July,1,Tuesday,3668,436.51,489.0,0.2923,81,458.59,95.19
2024-07-24,July,2,Wednesday,3273,378.1,471.4,0.317,59,322.38,117.28
2024-07-25,July,3,Thursday,3033,344.23,464.2,0.3367,62,329.0,104.63
2024-07-26,July,4,Friday,2745,327.99,486.2,0.3063,56,310.78,105.54
2024-07-27,July,5,Saturday,2296,269.37,483.2,0.2743,44,255.45,105.45
2024-07-28,July,6,Sunday,1557,181.4,481.0,0.3201,35,190.37,95.29
2024-07-29,July,0,Monday,3737,430.67,488.4,0.3248,68,367.31,117.25
2024-07-30,July,1,Tuesday,3636,419.19,483.2,0.2862,77,439.7,95.34
2024-07-31,July,2,Wednesday,3243,389.14,496.8,0.3126,71,390.44,99.67
2024-08-01,August,3,Thursday,3017,353.27,483.6,0.3168,55,300.61,117.52
2024-08-02,August,4,Friday,2777,306.57,476.0,0.3089,58,320.67,95.6
2024-08-03,August,5,Saturday,2058,235.12,476.0,0.2981,36,202.15,116.31
2024-08-04,August,6,Sunday,1506,177.37,476.8,0.3252,33,178.15,99.56
2024-08-05,August,0,Monday,3754,442.9,496.4,0.3039,92,512.33,86.45
2024-08-06,August,1,Tuesday,3594,406.27,470.0,0.2877,68,387.49,104.85
2024-08-07,August,2,Wednesday,3030,356.06,477.4,0.2793,65,374.76,95.01
2024-08-08,August,3,Thursday,3186,380.18,481.2,0.3289,71,381.18,99.74
2024-08-09,August,4,Friday,2672,307.45,475.2,0.3192,56,305.0,100.8
2024-08-10,August,5,Saturday,2190,253.04,488.8,0.3113,39,214.87,117.76
2024-08-11,August,6,Sunday,1606,180.64,465.4,0.3034,28,156.04,115.77
2024-08-12,August,0,Monday,3922,449.41,461.2,0.3021,76,424.32,105.91
2024-08-13,August,1,Tuesday,3369,391.86,485.8,0.2939,59,333.28,117.58
2024-08-14,August,2,Wednesday,3385,380.52,463.0,0.3035,72,401.18,94.85
2024-08-15,August,3,Thursday,3082,355.17,478.0,0.2782,65,375.34,94.63
2024-08-16,August,4,Friday,2766,303.78,459.0,0.299,57,319.66,95.03
2024-08-17,August,5,Saturday,1999,229.36,470.6,0.3053,47,261.21,87.81
2024-08-18,August,6,Sunday,1431,165.32,480.2,0.3191,32,174.31,94.84
2024-08-19,August,0,Monday,3929,456.25,476.2,0.3094,70,386.74,117.97
2024-08-20,August,1,Tuesday,3325,379.62,482.6,0.3219,60,325.49,116.63
2024-08-21,August,2,Wednesday,3518,399.81,475.2,0.3302,78,417.96,95.66
2024-08-22,August,3,Thursday,3090,358.94,484.0,0.3259,67,361.32,99.34
2024-08-23,August,4,Friday,2602,300.05,475.4,0.3171,55,300.48,99.86
2024-08-24,August,5,Saturday,2209,246.64,481.8,0.3102,45,248.33,99.32
2024-08-25,August,6,Sunday,1507,176.27,485.0,0.2953,30,169.13,104.22
2024-08-26,August,0,Monday,3464,395.83,472.8,0.3211,84,456.22,86.76
2024-08-27,August,1,Tuesday,3647,424.18,485.6,0.3352,84,446.75,94.95
2024-08-28,August,2,Wednesday,3207,391.4,496.8,0.3151,68,372.59,105.05
2024-08-29,August,3,Thursday,3002,341.08,463.2,0.3388,64,338.53,100.75
2024-08-30,August,4,Friday,2585,292.29,470.6,0.2871,54,307.97,94.91
2024-08-31,August,5,Saturday,2228,267.88,491.4,0.2927,45,254.63,105.2
2024-09-01,September,6,Sunday,1826,207.87,474.0,0.3128,32,175.92,118.16
2024-09-02,September,0,Monday,4485,534.99,492.8,0.304,96,534.53,100.09
2024-09-03,September,1,Tuesday,4062,482.73,486.4,0.3197,84,457.16,105.59
2024-09-04,September,2,Wednesday,4090,456.65,463.6,0.2998,69,386.51,118.15
2024-09-05,September,3,Thursday,3518,396.66,479.2,0.287,70,399.28,99.34
2024-09-06,September,4,Friday,3087,345.81,472.8,0.2968,71,399.42,86.58
2024-09-07,September,5,Saturday,2504,289.31,475.6,0.277,50,289.2,100.04
2024-09-08,September,6,Sunday,1851,212.11,478.0,0.2831,43,246.61,86.01
2024-09-09,September,0,Monday,4513,530.93,500.0,0.3146,111,608.64,87.23
2024-09-10,September,1,Tuesday,4016,486.78,502.8,0.3131,102,560.51,86.85
2024-09-11,September,2,Wednesday,3893,447.62,467.4,0.3054,85,472.33,94.77
2024-09-12,September,3,Thursday,3839,447.14,488.8,0.2742,81,470.32,95.07
2024-09-13,September,4,Friday,3349,392.62,485.2,0.2946,80,451.46,86.97
2024-09-14,September,5,Saturday,2388,278.51,487.6,0.2816,41,235.64,118.19
2024-09-15,September,6,Sunday,1926,218.97,477.8,0.3176,46,251.12,87.2
2024-09-16,September,0,Monday,4435,528.21,496.4,0.2912,88,499.0,105.85
2024-09-17,September,1,Tuesday,4214,485.68,479.6,0.2837,97,555.85,87.38
2024-09-18,September,2,Wednesday,3814,433.95,473.4,0.3004,81,453.34,95.72
2024-09-19,September,3,Thursday,3866,452.53,487.0,0.2904,84,476.85,94.9
2024-09-20,September,4,Friday,3113,353.05,459.6,0.3223,62,336.14,105.03
2024-09-21,September,5,Saturday,2592,291.13,467.8,0.289,49,278.71,104.46
2024-09-22,September,6,Sunday,1728,200.16,480.6,0.279,35,201.88,99.15
2024-09-23,September,0,Monday,4627,561.2,502.8,0.2677,81,474.53,118.26
2024-09-24,September,1,Tuesday,4113,462.2,472.2,0.2995,70,392.28,117.82
2024-09-25,September,2,Wednesday,3971,482.71,493.4,0.2916,72,408.04,118.3
2024-09-26,September,3,Thursday,3482,388.99,472.4,0.2786,71,409.76,94.93
2024-09-27,September,4,Friday,3170,364.96,473.2,0.3178,57,311.08,117.32
2024-09-28,September,5,Saturday,2430,285.47,488.2,0.31,52,287.04,99.45
2024-09-29,September,6,Sunday,1875,219.5,481.8,0.2996,39,218.52,100.45
2024-09-30,September,0,Monday,4219,490.13,479.4,0.3205,77,418.57,117.1
2024-10-01,October,1,Tuesday,4349,489.52,478.8,0.3099,84,463.75,105.56
2024-10-02,October,2,Wednesday,4130,485.82,488.8,0.2877,85,484.36,100.3
2024-10-03,October,3,Thursday,4094,491.98,508.6,0.2844,82,469.43,104.8
2024-10-04,October,4,Friday,3646,413.15,476.0,0.3123,79,434.63,95.06
2024-10-05,October,5,Saturday,2811,323.85,485.2,0.3059,58,322.06,100.56
2024-10-06,October,6,Sunday,1813,212.8,476.4,0.3025,36,200.88,105.93
2024-10-07,October,0,Monday,4731,537.65,473.6,0.2873,80,456.13,117.87
2024-10-08,October,1,Tuesday,4388,504.33,475.6,0.3091,96,530.61,95.05
2024-10-09,October,2,Wednesday,4201,496.66,486.2,0.2887,100,569.04,87.28
2024-10-10,October,3,Thursday,3958,453.81,466.6,0.2985,93,521.92,86.95
2024-10-11,October,4,Friday,3440,406.22,495.4,0.3217,64,347.29,116.97
2024-10-12,October,5,Saturday,2551,290.59,474.6,0.2901,54,306.68,94.75
2024-10-13,October,6,Sunday,1983,234.74,488.6,0.2764,43,248.92,94.3
2024-10-14,October,0,Monday,4841,532.81,476.2,0.2842,98,561.19,94.94
2024-10-15,October,1,Tuesday,4547,513.0,472.0,0.3149,98,537.12,95.51
2024-10-16,October,2,Wednesday,4003,474.87,490.0,0.3038,98,545.82,87.0
2024-10-17,October,3,Thursday,4025,461.85,471.0,0.2981,78,437.99,105.45
2024-10-18,October,4,Friday,3428,397.39,474.6,0.2924,74,418.9,94.87
2024-10-19,October,5,Saturday,2569,300.74,479.4,0.3073,52,288.16,104.37
2024-10-20,October,6,Sunday,2002,224.53,475.2,0.2873,41,233.77,96.05
2024-10-21,October,0,Monday,4590,525.51,477.8,0.3046,94,522.94,100.49
2024-10-22,October,1,Tuesday,4456,515.3,479.8,0.289,91,517.61,99.55
2024-10-23,October,2,Wednesday,4248,491.93,475.4,0.2865,86,490.89,100.21
2024-10-24,October,3,Thursday,3639,435.78,485.2,0.2904,81,459.82,94.77
2024-10-25,October,4,Friday,3538,409.57,486.6,0.2944,69,389.49,105.16
2024-10-26,October,5,Saturday,2991,352.05,480.4,0.2993,72,403.6,87.23
2024-10-27,October,6,Sunday,1874,224.84,482.6,0.3035,34,189.45,118.68
2024-10-28,October,0,Monday,4792,550.6,479.6,0.25,105,630.0,87.4
2024-10-29,October,1,Tuesday,4149,474.21,470.0,0.2879,87,495.62,95.68
2024-10-30,October,2,Wednesday,4235,483.22,472.4,0.2941,86,485.66,99.5
2024-10-31,October,3,Thursday,3896,444.1,477.0,0.3226,82,444.37,99.94
2024-11-01,November,4,Friday,3822,435.84,487.6,0.2838,72,412.53,105.65
2024-11-02,November,5,Saturday,2686,307.24,474.8,0.3024,58,323.69,94.92
2024-11-03,November,6,Sunday,1813,201.57,463.8,0.3224,43,233.09,86.48
2024-11-04,November,0,Monday,5025,570.76,479.4,0.2803,104,598.79,95.32
2024-11-05,November,1,Tuesday,4598,549.5,497.2,0.3059,104,577.49,95.15
2024-11-06,November,2,Wednesday,3971,463.99,478.6,0.288,82,467.07,99.34
2024-11-07,November,3,Thursday,3928,453.26,481.6,0.2924,92,520.79,87.03
2024-11-08,November,4,Friday,3279,382.02,470.4,0.288,57,324.67,117.66
2024-11-09,November,5,Saturday,2744,328.29,498.2,0.289,58,329.9,99.51
2024-11-10,November,6,Sunday,1974,229.06,485.4,0.3408,50,263.68,86.87
2024-11-11,November,0,Monday,4694,547.33,486.2,0.3127,95,522.35,104.78
2024-11-12,November,1,Tuesday,4504,544.83,495.6,0.3165,100,546.8,99.64
2024-11-13,November,2,Wednesday,4141,485.94,490.0,0.3074,83,459.89,105.66
2024-11-14,November,3,Thursday,3621,408.74,481.2,0.2759,71,411.29,99.38
2024-11-15,November,4,Friday,3680,402.51,457.0,0.3059,76,422.01,95.38
2024-11-16,November,5,Saturday,2724,307.03,471.8,0.3161,65,355.63,86.33
2024-11-17,November,6,Sunday,2019,237.43,494.4,0.2872,40,228.1,104.09
2024-11-18,November,0,Monday,4680,535.09,472.6,0.3145,98,537.43,99.56
2024-11-19,November,1,Tuesday,4787,571.02,491.8,0.3106,98,540.49,105.65
2024-11-20,November,2,Wednesday,4227,483.13,469.8,0.3278,90,483.98,99.82
2024-11-21,November,3,Thursday,4174,497.73,496.8,0.2937,88,497.24,100.1
2024-11-22,November,4,Friday,3459,412.78,484.2,0.2835,61,349.65,118.06
2024-11-23,November,5,Saturday,2710,316.27,484.8,0.2946,48,270.87,116.76
2024-11-24,November,6,Sunday,1986,230.52,488.4,0.3215,36,195.41,117.97
2024-11-25,November,0,Monday,5035,592.73,483.2,0.2726,97,564.46,105.01
2024-11-26,November,1,Tuesday,4636,529.35,470.2,0.269,95,555.56,95.28
2024-11-27,November,2,Wednesday,4309,488.87,477.2,0.3013,87,486.3,100.53
2024-11-28,November,3,Thursday,3836,445.25,475.2,0.2934,91,514.4,86.56
2024-11-29,November,4,Friday,3463,410.51,483.8,0.3001,62,347.15,118.25
2024-11-30,November,5,Saturday,2732,312.68,472.2,0.3142,54,296.27,105.54
2024-12-01,December,6,Sunday,2257,255.75,481.4,0.3217,45,244.19,104.73
2024-12-02,December,0,Monday,4978,565.25,475.6,0.3019,96,536.14,105.43
2024-12-03,December,1,Tuesday,5023,555.89,464.4,0.3607,125,639.3,86.95
2024-12-04,December,2,Wednesday,4610,520.24,465.2,0.315,109,597.32,87.1
2024-12-05,December,3,Thursday,4313,511.82,489.6,0.3141,79,433.49,118.07
2024-12-06,December,4,Friday,4012,452.99,461.8,0.3466,100,522.72,86.66
2024-12-07,December,5,Saturday,3146,356.2,472.8,0.3242,56,302.76,117.65
2024-12-08,December,6,Sunday,2043,237.97,482.4,0.329,51,273.77,86.92
2024-12-09,December,0,Monday,5170,572.84,469.4,0.3372,124,657.5,87.12
2024-12-10,December,1,Tuesday,5021,572.02,484.2,0.3463,126,658.93,86.81
2024-12-11,December,2,Wednesday,4758,548.94,489.2,0.325,86,464.4,118.2
2024-12-12,December,3,Thursday,4268,475.18,456.6,0.3528,92,476.34,99.76
2024-12-13,December,4,Friday,3626,417.17,470.2,0.298,63,353.81,117.91
2024-12-14,December,5,Saturday,2971,349.42,475.6,0.3414,66,347.74,100.48
2024-12-15,December,6,Sunday,2241,253.53,470.6,0.3174,44,240.28,105.51
2024-12-16,December,0,Monday,4805,560.74,484.8,0.3506,103,535.11,104.79
2024-12-17,December,1,Tuesday,5291,600.37,475.4,0.3321,95,507.6,118.28
2024-12-18,December,2,Wednesday,4675,517.98,463.8,0.3199,95,516.88,100.21
2024-12-19,December,3,Thursday,4362,501.58,478.2,0.3399,95,501.68,99.98
2024-12-20,December,4,Friday,3865,442.04,469.8,0.3434,84,441.24,100.18
2024-12-21,December,5,Saturday,2859,327.12,477.4,0.3396,59,311.71,104.94
2024-12-22,December,6,Sunday,1991,233.94,483.2,0.3146,36,197.4,118.51
2024-12-23,December,0,Monday,4933,565.01,473.2,0.3227,109,590.61,95.67
2024-12-24,December,1,Tuesday,4749,549.55,475.0,0.3299,102,546.8,100.5
2024-12-25,December,2,Wednesday,4324,515.73,482.4,0.3294,96,515.02,100.14
2024-12-26,December,3,Thursday,4254,492.86,475.0,0.3412,98,516.5,95.42
2024-12-27,December,4,Friday,3821,438.13,468.6,0.2998,67,375.31,116.74
2024-12-28,December,5,Saturday,3120,359.75,480.2,0.335,68,361.76,99.44
2024-12-29,December,6,Sunday,1963,231.4,482.0,0.3257,36,194.2,119.16
2024-12-30,December,0,Monday,5103,607.46,490.0,0.3174,111,606.15,100.22
2024-12-31,December,1,Tuesday,5095,592.91,476.2,0.3189,125,681.1,87.05
2025-01-01,January,2,Wednesday,3749,435.51,477.8,0.2968,77,433.17,100.54
2025-01-02,January,3,Thursday,3399,396.98,497.0,0.25,76,456.0,87.06
2025-01-03,January,4,Friday,2947,337.35,465.8,0.2895,50,284.2,118.7
2025-01-04,January,5,Saturday,2359,274.27,472.8,0.2869,48,273.83,100.16
2025-01-05,January,6,Sunday,1707,191.1,469.4,0.308,33,182.69,104.6
2025-01-06,January,0,Monday,4140,490.69,494.0,0.2879,82,467.14,105.04
2025-01-07,January,1,Tuesday,4110,460.04,459.4,0.2968,86,483.8,95.09
2025-01-08,January,2,Wednesday,3630,407.11,467.6,0.3231,71,384.48,105.89
2025-01-09,January,3,Thursday,3374,392.62,478.8,0.3149,82,449.43,87.36
2025-01-10,January,4,Friday,3089,368.14,488.6,0.3135,64,351.49,104.74
2025-01-11,January,5,Saturday,2421,287.37,484.0,0.2925,48,271.68,105.78
2025-01-12,January,6,Sunday,1723,209.09,493.2,0.3081,36,199.27,104.93
2025-01-13,January,0,Monday,4113,480.06,484.8,0.2965,85,478.38,100.35
2025-01-14,January,1,Tuesday,4085,463.55,480.2,0.2971,87,489.22,94.75
2025-01-15,January,2,Wednesday,3766,435.54,481.6,0.3061,67,371.93,117.1
2025-01-16,January,3,Thursday,3261,372.48,478.4,0.291,69,391.37,95.17
2025-01-17,January,4,Friday,3315,385.34,484.8,0.3224,82,444.51,86.69
2025-01-18,January,5,Saturday,2293,260.36,468.8,0.2976,46,258.48,100.73
2025-01-19,January,6,Sunday,1657,187.09,460.4,0.3093,34,187.87,99.58
2025-01-20,January,0,Monday,3954,501.22,507.2,0.3218,88,477.45,104.98
2025-01-21,January,1,Tuesday,3945,446.1,482.8,0.3155,77,421.65,105.8
2025-01-22,January,2,Wednesday,3581,409.4,483.6,0.2789,82,473.04,86.55
2025-01-23,January,3,Thursday,3486,395.53,476.0,0.3067,71,393.79,100.44
2025-01-24,January,4,Friday,3099,358.69,487.4,0.3128,55,302.37,118.63
2025-01-25,January,5,Saturday,2283,258.72,482.2,0.3134,49,269.15,96.12
2025-01-26,January,6,Sunday,1880,224.48,489.4,0.2833,39,223.61,100.39
2025-01-27,January,0,Monday,4240,469.95,468.6,0.2901,70,397.54,118.21
2025-01-28,January,1,Tuesday,3982,458.23,483.6,0.3149,71,389.14,117.75
2025-01-29,January,2,Wednesday,3561,423.08,480.6,0.2886,78,443.91,95.31
2025-01-30,January,3,Thursday,3577,406.37,477.2,0.2955,61,343.8,118.2
2025-01-31,January,4,Friday,2955,349.46,484.8,0.3236,74,400.43,87.27
2025-02-01,February,5,Saturday,2454,275.52,486.2,0.2993,42,235.44,117.02
2025-02-02,February,6,Sunday,1804,209.8,491.6,0.2891,42,238.86,87.83
2025-02-03,February,0,Monday,3999,459.37,481.6,0.2868,68,387.98,118.4
2025-02-04,February,1,Tuesday,3645,415.91,484.8,0.305,71,394.76,105.36
2025-02-05,February,2,Wednesday,3522,403.57,463.6,0.28,60,345.6,116.77
2025-02-06,February,3,Thursday,3167,370.39,474.0,0.2963,76,427.85,86.57
2025-02-07,February,4,Friday,2803,334.96,501.0,0.305,51,283.56,118.13
2025-02-08,February,5,Saturday,2381,274.23,485.0,0.3195,43,234.09,117.15
2025-02-09,February,6,Sunday,1796,197.02,468.2,0.31,30,165.6,118.97
2025-02-10,February,0,Monday,4169,472.69,465.4,0.2893,96,545.82,86.6
2025-02-11,February,1,Tuesday,3997,462.16,479.2,0.3177,72,393.0,117.6
2025-02-12,February,2,Wednesday,3390,390.76,481.4,0.2955,73,411.43,94.98
2025-02-13,February,3,Thursday,3458,397.57,473.2,0.2815,73,419.6,94.75
2025-02-14,February,4,Friday,2945,338.32,480.6,0.2974,69,387.84,87.23
2025-02-15,February,5,Saturday,2375,277.64,485.4,0.3216,49,265.93,104.4
2025-02-16,February,6,Sunday,1739,196.28,470.8,0.3025,37,206.46,95.07
2025-02-17,February,0,Monday,3897,452.07,473.8,0.3002,81,453.47,99.69
2025-02-18,February,1,Tuesday,4027,444.78,467.8,0.3246,86,464.68,95.72
2025-02-19,February,2,Wednesday,3667,423.07,478.4,0.2785,73,421.36,100.41
2025-02-20,February,3,Thursday,3223,378.07,481.8,0.2807,76,437.33,86.45
2025-02-21,February,4,Friday,2972,336.16,457.8,0.2758,55,318.65,105.5
2025-02-22,February,5,Saturday,2456,282.11,475.2,0.3056,51,283.32,99.57
2025-02-23,February,6,Sunday,1659,192.63,470.4,0.3025,35,195.3,98.63
2025-02-24,February,0,Monday,3894,447.83,477.6,0.3231,87,471.12,95.06
2025-02-25,February,1,Tuesday,4060,464.67,469.2,0.3037,83,462.34,100.5
2025-02-26,February,2,Wednesday,3524,400.4,471.8,0.2939,82,463.2,86.44
2025-02-27,February,3,Thursday,3199,381.86,486.4,0.3,78,436.8,87.42
2025-02-28,February,4,Friday,3232,367.79,478.8,0.3018,76,424.51,86.64
2025-03-01,March,5,Saturday,2503,288.77,487.8,0.2749,52,301.64,95.73
2025-03-02,March,6,Sunday,1774,210.92,477.4,0.3407,38,200.43,105.23
2025-03-03,March,0,Monday,4205,459.06,465.2,0.3078,87,481.77,95.29
2025-03-04,March,1,Tuesday,4004,467.55,487.6,0.3032,96,535.14,87.37
2025-03-05,March,2,Wednesday,3495,412.03,499.0,0.3092,78,431.06,95.59
2025-03-06,March,3,Thursday,3491,392.58,490.0,0.3106,82,452.25,86.81
2025-03-07,March,4,Friday,3057,355.96,469.8,0.2979,54,303.31,117.36
2025-03-08,March,5,Saturday,2461,285.01,470.8,0.2905,43,244.07,116.77
2025-03-09,March,6,Sunday,1613,185.2,481.8,0.309,34,187.95,98.54
2025-03-10,March,0,Monday,4154,473.96,481.6,0.3058,81,449.84,105.36
2025-03-11,March,1,Tuesday,4096,472.81,481.8,0.2879,71,404.47,116.9
2025-03-12,March,2,Wednesday,3507,399.86,465.2,0.3213,85,461.52,86.64
2025-03-13,March,3,Thursday,3480,397.03,462.4,0.3044,75,417.36,95.13
2025-03-14,March,4,Friday,3207,360.63,473.2,0.3109,69,380.38,94.81
2025-03-15,March,5,Saturday,2413,275.76,466.8,0.3209,51,277.07,99.53
2025-03-16,March,6,Sunday,1798,194.5,457.6,0.3003,36,201.51,96.52
2025-03-17,March,0,Monday,4327,500.72,472.0,0.3048,76,422.68,118.46
2025-03-18,March,1,Tuesday,3989,441.55,466.0,0.3122,84,462.2,95.53
2025-03-19,March,2,Wednesday,3640,425.82,480.2,0.2891,64,363.98,116.99
2025-03-20,March,3,Thursday,3447,389.31,468.4,0.3008,59,330.02,117.97
2025-03-21,March,4,Friday,3227,359.33,456.4,0.3019,61,340.67,105.48
2025-03-22,March,5,Saturday,2255,258.85,464.4,0.2857,45,257.15,100.66
2025-03-23,March,6,Sunday,1719,196.54,468.6,0.3348,43,228.83,85.89
2025-03-24,March,0,Monday,4489,531.33,490.4,0.2789,78,449.97,118.08
2025-03-25,March,1,Tuesday,3817,435.62,473.4,0.2805,76,437.46,99.58
2025-03-26,March,2,Wednesday,3510,382.63,473.6,0.3197,81,440.83,86.8
2025-03-27,March,3,Thursday,3470,407.81,487.8,0.3107,78,430.12,94.81
2025-03-28,March,4,Friday,3288,360.51,469.8,0.2846,63,360.56,99.99
2025-03-29,March,5,Saturday,2432,286.4,478.2,0.3091,52,287.41,99.65
2025-03-30,March,6,Sunday,1678,194.61,489.4,0.322,36,195.26,99.67
2025-03-31,March,0,Monday,4001,459.95,467.4,0.2995,86,481.94,95.44
2025-04-01,April,1,Tuesday,4216,488.06,502.2,0.339,97,512.94,95.15
2025-04-02,April,2,Wednesday,4039,462.35,468.6,0.2741,80,464.58,99.52
2025-04-03,April,3,Thursday,3898,449.85,465.4,0.3104,77,424.79,105.9
2025-04-04,April,4,Friday,3517,400.11,486.8,0.3175,62,338.52,118.19
2025-04-05,April,5,Saturday,2666,326.46,494.8,0.3134,62,340.55,95.86
2025-04-06,April,6,Sunday,2022,238.08,481.6,0.2969,40,224.99,105.82
2025-04-07,April,0,Monday,4661,547.62,486.2,0.2956,102,574.79,95.27
2025-04-08,April,1,Tuesday,4264,499.27,474.4,0.3067,90,499.18,100.02
2025-04-09,April,2,Wednesday,4092,481.32,489.0,0.3122,83,456.7,105.39
2025-04-10,April,3,Thursday,3734,456.33,499.8,0.309,95,525.16,86.89
2025-04-11,April,4,Friday,3226,370.7,475.8,0.3156,58,317.56,116.73
2025-04-12,April,5,Saturday,2659,307.43,488.8,0.2847,46,263.23,116.79
2025-04-13,April,6,Sunday,1891,211.87,476.2,0.2966,40,225.09,94.13
2025-04-14,April,0,Monday,4444,497.7,465.0,0.2859,74,422.75,117.73
2025-04-15,April,1,Tuesday,4567,516.5,480.2,0.2942,105,592.87,87.12
2025-04-16,April,2,Wednesday,3941,460.96,492.2,0.3152,80,438.27,105.18
2025-04-17,April,3,Thursday,3412,404.95,488.2,0.3016,69,385.52,105.04
2025-04-18,April,4,Friday,3317,403.35,487.2,0.3391,76,401.83,100.38
2025-04-19,April,5,Saturday,2642,299.14,461.2,0.3029,51,284.42,105.18
2025-04-20,April,6,Sunday,1850,207.51,458.4,0.3009,39,218.12,95.14
2025-04-21,April,0,Monday,4388,502.96,487.8,0.3016,104,581.07,86.56
2025-04-22,April,1,Tuesday,4176,513.86,493.8,0.2904,90,510.91,100.58
2025-04-23,April,2,Wednesday,3547,413.66,469.0,0.2991,77,431.75,95.81
2025-04-24,April,3,Thursday,3479,415.95,496.0,0.3169,80,437.18,95.14
2025-04-25,April,4,Friday,3339,409.08,512.6,0.3017,77,430.15,95.1
2025-04-26,April,5,Saturday,2682,313.39,499.0,0.2881,47,267.67,117.08
2025-04-27,April,6,Sunday,1907,221.28,483.0,0.2861,41,234.16,94.5
2025-04-28,April,0,Monday,4553,529.83,492.0,0.2932,80,452.35,117.13
2025-04-29,April,1,Tuesday,4387,487.59,468.2,0.3011,83,464.07,105.07
2025-04-30,April,2,Wednesday,4013,483.07,492.6,0.3179,75,409.26,118.03
2025-05-01,May,3,Thursday,3879,437.55,473.8,0.2799,80,460.86,94.94
2025-05-02,May,4,Friday,3487,399.87,477.4,0.2952,82,462.35,86.49
2025-05-03,May,5,Saturday,2773,320.63,477.6,0.3022,66,368.44,87.02
2025-05-04,May,6,Sunday,1934,215.31,471.0,0.2725,35,203.7,105.7
2025-05-05,May,0,Monday,4536,531.83,488.2,0.2875,98,558.6,95.21
2025-05-06,May,1,Tuesday,4638,544.35,475.0,0.2898,81,460.21,118.28
2025-05-07,May,2,Wednesday,4221,474.46,476.6,0.2881,96,546.74,86.78
2025-05-08,May,3,Thursday,3925,457.29,487.8,0.3029,82,457.3,100.0
2025-05-09,May,4,Friday,3629,417.2,470.6,0.2976,78,438.3,95.19
2025-05-10,May,5,Saturday,2881,339.33,481.8,0.2917,63,356.98,95.06
2025-05-11,May,6,Sunday,2073,232.76,482.2,0.3064,42,233.05,99.88
2025-05-12,May,0,Monday,4627,531.34,486.0,0.3258,113,609.48,87.18
2025-05-13,May,1,Tuesday,4330,495.21,469.0,0.3246,92,497.09,99.62
2025-05-14,May,2,Wednesday,4137,488.26,481.6,0.2712,80,466.43,104.68
2025-05-15,May,3,Thursday,3911,438.16,469.6,0.3087,67,370.54,118.25
2025-05-16,May,4,Friday,3671,410.68,477.4,0.2973,62,348.54,117.83
2025-05-17,May,5,Saturday,2817,323.85,481.4,0.3023,67,373.97,86.6
2025-05-18,May,6,Sunday,1820,207.35,467.8,0.294,37,208.98,99.22
2025-05-19,May,0,Monday,5008,567.93,490.6,0.3018,107,597.66,95.03
2025-05-20,May,1,Tuesday,4616,527.07,490.6,0.3023,99,552.58,95.38
2025-05-21,May,2,Wednesday,4110,484.22,489.2,0.2913,90,510.26,94.9
2025-05-22,May,3,Thursday,4026,447.07,469.8,0.2866,74,422.33,105.86
2025-05-23,May,4,Friday,3458,396.82,469.4,0.2933,67,378.79,104.76
2025-05-24,May,5,Saturday,2724,325.81,488.4,0.3035,61,339.89,95.86
2025-05-25,May,6,Sunday,1921,223.35,482.0,0.309,46,254.29,87.83
2025-05-26,May,0,Monday,4593,536.58,468.6,0.3128,93,511.28,104.95
2025-05-27,May,1,Tuesday,4239,475.16,474.8,0.2926,80,452.74,104.95
2025-05-28,May,2,Wednesday,4079,484.88,501.4,0.3043,74,411.85,117.73
2025-05-29,May,3,Thursday,3896,454.07,477.8,0.3144,70,383.94,118.27
2025-05-30,May,4,Friday,3688,418.95,461.0,0.3175,88,480.48,87.19
2025-05-31,May,5,Saturday,2811,330.64,479.8,0.2991,56,314.0,105.3
2025-06-01,June,6,Sunday,1835,214.63,483.8,0.3067,37,205.22,104.59
2025-06-02,June,0,Monday,4724,563.45,480.2,0.3129,102,560.67,100.5
2025-06-03,June,1,Tuesday,4188,498.17,485.4,0.2928,101,571.42,87.18
2025-06-04,June,2,Wednesday,3793,414.36,460.4,0.3071,86,476.72,86.92
2025-06-05,June,3,Thursday,3606,433.68,486.8,0.3212,80,434.43,99.83
2025-06-06,June,4,Friday,3441,411.85,494.0,0.3196,76,413.68,99.56
2025-06-07,June,5,Saturday,2746,317.69,470.2,0.3059,49,272.09,116.76
2025-06-08,June,6,Sunday,1994,231.24,474.6,0.3133,48,263.69,87.69
2025-06-09,June,0,Monday,4689,542.77,488.0,0.2976,111,623.73,87.02
2025-06-10,June,1,Tuesday,4587,531.4,484.8,0.3206,98,532.65,99.77
2025-06-11,June,2,Wednesday,4244,490.76,481.0,0.3088,93,514.25,95.43
2025-06-12,June,3,Thursday,3820,433.41,470.2,0.3059,82,455.33,95.19
2025-06-13,June,4,Friday,3272,376.06,474.2,0.3046,57,317.1,118.59
2025-06-14,June,5,Saturday,2733,318.42,484.8,0.3091,60,331.63,96.02
2025-06-15,June,6,Sunday,1982,229.66,489.2,0.3033,43,239.66,95.83
2025-06-16,June,0,Monday,4521,531.73,494.6,0.3199,103,560.4,94.88
2025-06-17,June,1,Tuesday,4234,496.4,490.4,0.3041,85,473.21,104.9
2025-06-18,June,2,Wednesday,3992,452.77,484.6,0.3339,72,383.67,118.01
2025-06-19,June,3,Thursday,3523,406.6,477.8,0.332,76,406.14,100.11
2025-06-20,June,4,Friday,3479,404.58,481.6,0.2966,75,422.04,95.86
2025-06-21,June,5,Saturday,2633,302.17,473.8,0.311,52,286.62,105.43
2025-06-22,June,6,Sunday,1878,218.38,471.0,0.3002,41,229.53,95.14
2025-06-23,June,0,Monday,4728,550.83,477.4,0.3051,94,522.56,105.41
2025-06-24,June,1,Tuesday,4820,532.81,457.2,0.34,86,454.08,117.34
2025-06-25,June,2,Wednesday,4199,503.47,498.8,0.3054,95,527.9,95.37
2025-06-26,June,3,Thursday,3925,438.08,470.8,0.3154,76,416.24,105.25
2025-06-27,June,4,Friday,3433,399.0,490.2,0.3181,84,458.24,87.07
2025-06-28,June,5,Saturday,2769,335.23,493.0,0.295,68,383.52,87.41
2025-06-29,June,6,Sunday,2013,232.0,484.8,0.2972,39,219.27,105.81
2025-06-30,June,0,Monday,5017,583.94,491.2,0.2919,108,611.8,95.45
2025-07-01,July,1,Tuesday,3732,406.99,455.6,0.2967,76,427.61,95.18
2025-07-02,July,2,Wednesday,3350,376.52,477.2,0.2672,55,322.43,116.78
2025-07-03,July,3,Thursday,3101,360.0,484.6,0.3182,56,305.45,117.86
2025-07-04,July,4,Friday,3030,357.57,484.8,0.3408,68,358.6,99.71
2025-07-05,July,5,Saturday,2196,250.12,480.0,0.3122,39,214.59,116.56
2025-07-06,July,6,Sunday,1653,191.99,480.4,0.2888,35,199.14,96.41
2025-07-07,July,0,Monday,3963,453.49,474.6,0.3004,81,453.34,100.03
2025-07-08,July,1,Tuesday,3584,423.15,491.6,0.3031,65,362.39,116.77
2025-07-09,July,2,Wednesday,3341,367.0,455.6,0.2947,62,349.83,104.91
2025-07-10,July,3,Thursday,3103,356.34,480.4,0.3229,76,411.68,86.56
2025-07-11,July,4,Friday,2735,307.36,477.4,0.3222,48,260.28,118.09
2025-07-12,July,5,Saturday,2227,250.4,458.4,0.2927,38,215.02,116.45
2025-07-13,July,6,Sunday,1517,171.0,464.6,0.3209,30,162.98,104.92
2025-07-14,July,0,Monday,4067,457.94,471.2,0.3329,90,480.31,95.34
2025-07-15,July,1,Tuesday,3466,390.1,470.8,0.3385,70,370.44,105.31
2025-07-16,July,2,Wednesday,3577,411.03,479.2,0.353,67,346.79,118.52
2025-07-17,July,3,Thursday,3273,364.97,452.0,0.2965,68,382.7,95.37
2025-07-18,July,4,Friday,2903,334.38,482.8,0.3524,64,331.57,100.85
2025-07-19,July,5,Saturday,2375,270.5,475.8,0.3047,41,228.06,118.61
2025-07-20,July,6,Sunday,1600,186.89,496.4,0.3011,32,178.92,104.45
2025-07-21,July,0,Monday,4169,477.93,479.4,0.3149,87,476.83,100.23
2025-07-22,July,1,Tuesday,3795,450.05,486.4,0.3013,93,519.83,86.58
2025-07-23,July,2,Wednesday,3169,373.81,480.4,0.316,68,372.1,100.46
2025-07-24,July,3,Thursday,3173,378.07,484.4,0.2902,63,357.74,105.68
2025-07-25,July,4,Friday,2838,335.45,485.6,0.3064,60,332.93,100.76
2025-07-26,July,5,Saturday,2194,254.33,465.4,0.3293,45,241.45,105.33
2025-07-27,July,6,Sunday,1564,184.37,489.4,0.3091,28,154.76,119.13
2025-07-28,July,0,Monday,3605,415.4,475.4,0.3121,79,434.75,95.55
2025-07-29,July,1,Tuesday,3510,421.18,494.0,0.3171,89,486.22,86.62
2025-07-30,July,2,Wednesday,2964,342.44,473.4,0.3276,67,360.41,95.01
2025-07-31,July,3,Thursday,3307,363.9,466.2,0.2852,67,383.13,94.98
2025-08-01,August,4,Friday,2835,323.87,477.0,0.3188,62,337.88,95.85
2025-08-02,August,5,Saturday,2432,285.2,478.0,0.306,49,272.05,104.83
2025-08-03,August,6,Sunday,1517,176.69,490.2,0.3125,30,165.0,107.08
2025-08-04,August,0,Monday,3746,441.77,492.2,0.3259,94,506.92,87.15
2025-08-05,August,1,Tuesday,3574,428.97,496.4,0.2921,72,407.75,105.2
2025-08-06,August,2,Wednesday,3547,421.63,480.8,0.2948,71,400.55,105.26
2025-08-07,August,3,Thursday,3134,352.96,470.8,0.281,58,333.62,105.8
2025-08-08,August,4,Friday,2918,341.26,477.4,0.3018,58,323.96,105.34
2025-08-09,August,5,Saturday,2207,260.12,479.0,0.33,41,219.76,118.37
2025-08-10,August,6,Sunday,1586,181.66,465.2,0.3082,38,210.31,86.38
2025-08-11,August,0,Monday,3925,461.83,480.2,0.2899,77,437.42,105.58
2025-08-12,August,1,Tuesday,3171,365.92,480.2,0.3027,75,418.38,87.46
2025-08-13,August,2,Wednesday,3472,387.63,466.2,0.2877,68,387.49,100.04
2025-08-14,August,3,Thursday,3275,383.21,501.6,0.2931,58,328.0,116.83
2025-08-15,August,4,Friday,2753,331.52,480.0,0.3158,57,312.0,106.26
2025-08-16,August,5,Saturday,2168,241.36,466.8,0.2924,36,203.79,118.44
2025-08-17,August,6,Sunday,1481,173.38,475.4,0.3267,27,145.43,119.22
2025-08-18,August,0,Monday,3802,424.42,463.0,0.3089,77,425.72,99.69
2025-08-19,August,1,Tuesday,3747,415.39,471.8,0.3113,87,479.34,86.66
2025-08-20,August,2,Wednesday,3332,376.78,467.0,0.3058,58,322.11,116.97
2025-08-21,August,3,Thursday,3264,383.73,495.4,0.3216,74,401.61,95.55
2025-08-22,August,4,Friday,2761,316.36,476.8,0.3217,58,314.73,100.52
2025-08-23,August,5,Saturday,2101,255.17,490.8,0.315,49,268.52,95.03
2025-08-24,August,6,Sunday,1478,171.22,461.6,0.3185,31,169.01,101.31
2025-08-25,August,0,Monday,3685,414.98,478.2,0.3068,79,438.1,94.72
2025-08-26,August,1,Tuesday,3348,402.07,486.6,0.3181,77,420.05,95.72
2025-08-27,August,2,Wednesday,3290,376.5,472.4,0.3049,58,322.53,116.73
2025-08-28,August,3,Thursday,3187,369.88,481.6,0.31,57,314.64,117.56
2025-08-29,August,4,Friday,2704,300.79,459.4,0.3059,54,299.85,100.31
2025-08-30,August,5,Saturday,2223,257.64,485.6,0.3031,53,295.49,87.19
2025-08-31,August,6,Sunday,1594,184.52,469.2,0.2997,28,156.87,117.63
2025-09-01,September,0,Monday,4474,501.88,466.0,0.307,77,426.89,117.57
2025-09-02,September,1,Tuesday,4233,486.13,482.2,0.3197,85,462.6,105.09
2025-09-03,September,2,Wednesday,3876,458.39,484.2,0.3176,71,387.6,118.26
2025-09-04,September,3,Thursday,3727,439.67,502.4,0.2812,88,506.04,86.88
2025-09-05,September,4,Friday,3570,413.99,466.6,0.3193,72,392.08,105.59
2025-09-06,September,5,Saturday,2675,311.23,485.6,0.2952,58,327.03,95.17
2025-09-07,September,6,Sunday,2023,238.7,484.4,0.309,45,248.76,95.96
2025-09-08,September,0,Monday,4399,521.24,500.2,0.2864,87,496.67,104.95
2025-09-09,September,1,Tuesday,4530,484.63,449.4,0.3021,82,457.82,105.86
2025-09-10,September,2,Wednesday,3851,434.31,470.2,0.3047,74,411.62,105.51
2025-09-11,September,3,Thursday,4055,460.71,471.8,0.2777,80,462.27,99.66
2025-09-12,September,4,Friday,3572,403.39,487.4,0.3091,84,464.28,86.89
2025-09-13,September,5,Saturday,2624,302.86,482.8,0.3202,64,348.06,87.01
2025-09-14,September,6,Sunday,1832,216.72,497.0,0.2974,41,230.45,94.04
2025-09-15,September,0,Monday,4577,510.83,457.4,0.3204,99,538.24,94.91
2025-09-16,September,1,Tuesday,4342,512.46,492.2,0.2972,96,539.75,94.94
2025-09-17,September,2,Wednesday,4075,482.86,488.0,0.3127,75,412.38,117.09
2025-09-18,September,3,Thursday,3630,419.67,473.8,0.2667,75,439.98,95.38
2025-09-19,September,4,Friday,3405,395.28,476.0,0.3363,71,376.98,104.85
2025-09-20,September,5,Saturday,2622,326.64,501.8,0.3224,63,341.51,95.65
2025-09-21,September,6,Sunday,1843,201.39,471.4,0.2957,34,191.57,105.13
2025-09-22,September,0,Monday,4181,481.51,468.6,0.2704,82,478.62,100.6
2025-09-23,September,1,Tuesday,4198,467.92,451.2,0.3043,71,395.16,118.41
2025-09-24,September,2,Wednesday,3866,425.05,466.6,0.2783,63,363.74,116.86
2025-09-25,September,3,Thursday,3648,433.93,499.8,0.3067,90,499.18,86.93
2025-09-26,September,4,Friday,3238,364.53,469.2,0.3062,66,366.33,99.51
2025-09-27,September,5,Saturday,2551,295.18,479.0,0.2859,49,279.93,105.45
2025-09-28,September,6,Sunday,1880,208.39,465.8,0.3168,38,207.69,100.34
2025-09-29,September,0,Monday,4840,588.9,490.8,0.3121,91,500.79,117.59
2025-09-30,September,1,Tuesday,4604,527.81,495.6,0.3146,91,498.97,105.78
2025-10-01,October,2,Wednesday,3824,432.03,461.2,0.3001,77,431.14,100.21
2025-10-02,October,3,Thursday,4000,472.1,488.0,0.2788,70,403.87,116.89
2025-10-03,October,4,Friday,3581,428.85,490.4,0.3147,74,405.7,105.71
2025-10-04,October,5,Saturday,2957,341.39,473.4,0.2959,58,326.7,104.5
2025-10-05,October,6,Sunday,1979,226.18,467.8,0.2792,33,190.29,118.86
2025-10-06,October,0,Monday,4918,542.97,463.0,0.3203,95,516.57,105.11
2025-10-07,October,1,Tuesday,4574,522.25,477.6,0.3315,83,443.88,117.66
2025-10-08,October,2,Wednesday,3829,449.17,473.4,0.2994,84,470.8,95.41
2025-10-09,October,3,Thursday,3935,466.22,489.8,0.3324,92,491.35,94.89
2025-10-10,October,4,Friday,3558,391.97,462.4,0.3014,67,374.45,104.68
2025-10-11,October,5,Saturday,2722,317.52,480.4,0.2943,53,299.22,106.12
2025-10-12,October,6,Sunday,2066,233.84,465.2,0.2905,35,198.66,117.71
2025-10-13,October,0,Monday,4695,544.19,486.8,0.3246,96,518.71,104.91
2025-10-14,October,1,Tuesday,4467,530.72,492.0,0.2883,107,609.22,87.11
2025-10-15,October,2,Wednesday,4253,489.41,463.8,0.311,93,512.62,95.47
2025-10-16,October,3,Thursday,3961,434.6,463.2,0.2916,73,413.71,105.05
2025-10-17,October,4,Friday,3767,437.78,485.0,0.2931,74,418.48,104.61
2025-10-18,October,5,Saturday,2513,290.68,474.2,0.3155,53,290.23,100.16
2025-10-19,October,6,Sunday,2010,233.98,481.4,0.2943,39,220.18,106.27
2025-10-20,October,0,Monday,4828,573.48,484.0,0.2939,117,660.91,86.77
2025-10-21,October,1,Tuesday,4489,495.68,461.8,0.317,95,519.08,95.49
2025-10-22,October,2,Wednesday,4189,494.06,498.0,0.324,91,492.13,100.39
2025-10-23,October,3,Thursday,4151,492.86,486.2,0.3097,76,419.7,117.43
2025-10-24,October,4,Friday,3695,423.22,485.0,0.2902,63,357.74,118.3
2025-10-25,October,5,Saturday,2799,339.59,497.8,0.2923,63,356.68,95.21
2025-10-26,October,6,Sunday,1899,223.76,484.0,0.3012,34,190.07,117.73
2025-10-27,October,0,Monday,4747,534.74,464.6,0.3048,111,617.34,86.62
2025-10-28,October,1,Tuesday,4824,572.12,480.2,0.2852,95,543.25,105.31
2025-10-29,October,2,Wednesday,4030,484.47,492.6,0.3108,92,507.25,95.51
2025-10-30,October,3,Thursday,3866,447.91,481.6,0.3013,80,447.17,100.17
2025-10-31,October,4,Friday,3841,450.53,483.4,0.2743,74,429.61,104.87
2025-11-01,November,5,Saturday,2822,344.9,511.0,0.2861,51,291.27,118.41
2025-11-02,November,6,Sunday,1889,223.17,487.8,0.2924,33,186.81,119.46
2025-11-03,November,0,Monday,4326,502.8,488.0,0.2989,90,504.79,99.61
2025-11-04,November,1,Tuesday,4874,579.92,489.4,0.3283,124,666.33,87.03
2025-11-05,November,2,Wednesday,4321,489.75,472.8,0.3036,88,490.27,99.89
2025-11-06,November,3,Thursday,3833,442.13,476.8,0.2874,81,461.76,95.75
2025-11-07,November,4,Friday,3980,451.85,457.0,0.3033,81,451.46,100.09
2025-11-08,November,5,Saturday,2803,330.86,478.0,0.2947,50,282.12,117.28
2025-11-09,November,6,Sunday,1986,225.69,461.2,0.3049,47,261.36,86.35
2025-11-10,November,0,Monday,5023,595.94,492.2,0.3087,124,685.77,86.9
2025-11-11,November,1,Tuesday,4826,550.31,489.2,0.3181,101,550.98,99.88
2025-11-12,November,2,Wednesday,4211,494.26,488.6,0.2996,93,521.1,94.85
2025-11-13,November,3,Thursday,4195,462.96,472.6,0.3246,73,394.43,117.37
2025-11-14,November,4,Friday,3692,421.61,490.4,0.3136,73,400.86,105.18
2025-11-15,November,5,Saturday,2801,338.55,498.2,0.2894,68,386.57,87.58
2025-11-16,November,6,Sunday,2203,253.55,476.2,0.3331,48,256.09,99.01
2025-11-17,November,0,Monday,5241,579.65,470.0,0.3049,110,611.69,94.76
2025-11-18,November,1,Tuesday,4640,535.28,490.0,0.2875,99,564.3,94.86
2025-11-19,November,2,Wednesday,4333,492.88,465.6,0.3248,78,421.32,116.98
2025-11-20,November,3,Thursday,3858,446.75,480.8,0.3312,96,513.64,86.98
2025-11-21,November,4,Friday,3426,380.34,457.4,0.2995,58,325.03,117.02
2025-11-22,November,5,Saturday,2960,343.73,480.4,0.2924,58,328.33,104.69
2025-11-23,November,6,Sunday,2194,254.04,480.4,0.2974,43,241.69,105.11
2025-11-24,November,0,Monday,4731,541.43,481.4,0.3107,93,512.84,105.57
2025-11-25,November,1,Tuesday,4634,529.52,482.6,0.3192,102,555.53,95.32
2025-11-26,November,2,Wednesday,4062,475.94,479.2,0.3086,99,547.59,86.92
2025-11-27,November,3,Thursday,3803,445.11,482.8,0.3015,68,379.98,117.14
2025-11-28,November,4,Friday,3721,403.25,457.0,0.3225,63,341.46,118.1
2025-11-29,November,5,Saturday,2882,321.6,480.0,0.2953,54,304.43,105.64
2025-11-30,November,6,Sunday,2139,246.99,484.4,0.3155,52,284.75,86.74
2025-12-01,December,0,Monday,5385,596.97,463.0,0.3257,127,685.09,87.14
2025-12-02,December,1,Tuesday,4959,569.64,469.2,0.3365,107,567.96,100.3
2025-12-03,December,2,Wednesday,4941,575.12,492.4,0.3283,123,660.95,87.01
2025-12-04,December,3,Thursday,4398,506.51,488.8,0.3292,109,584.94,86.59
2025-12-05,December,4,Friday,3768,438.55,474.4,0.3243,69,372.99,117.58
2025-12-06,December,5,Saturday,3156,361.66,476.6,0.3502,80,415.87,86.96
2025-12-07,December,6,Sunday,2390,276.94,470.0,0.319,58,315.98,87.64
2025-12-08,December,0,Monday,5428,636.92,492.2,0.3189,99,539.43,118.07
2025-12-09,December,1,Tuesday,5450,624.03,486.0,0.3618,141,719.89,86.68
2025-12-10,December,2,Wednesday,4926,560.42,467.2,0.3447,91,477.06,117.47
2025-12-11,December,3,Thursday,4283,511.85,485.0,0.2942,91,513.82,99.62
2025-12-12,December,4,Friday,3995,460.56,482.0,0.3215,89,483.09,95.34
2025-12-13,December,5,Saturday,2939,347.48,468.0,0.3028,53,295.61,117.55
2025-12-14,December,6,Sunday,2327,270.53,499.2,0.3157,42,229.92,117.66
2025-12-15,December,0,Monday,5394,608.73,479.8,0.2829,122,699.89,86.98
2025-12-16,December,1,Tuesday,4908,564.98,482.4,0.3279,89,478.54,118.06
2025-12-17,December,2,Wednesday,5218,601.28,473.4,0.3129,104,571.67,105.18
2025-12-18,December,3,Thursday,4162,482.46,478.2,0.3309,86,460.34,104.81
2025-12-19,December,4,Friday,4432,492.66,454.6,0.3056,89,494.41,99.65
2025-12-20,December,5,Saturday,3228,383.62,494.2,0.3312,61,326.37,117.54
2025-12-21,December,6,Sunday,2313,281.1,501.0,0.3238,60,324.58,86.6
2025-12-22,December,0,Monday,5306,630.29,499.2,0.3525,140,725.2,86.91
2025-12-23,December,1,Tuesday,5151,591.86,476.0,0.3512,120,622.85,95.02
2025-12-24,December,2,Wednesday,4700,552.82,483.2,0.3418,105,552.89,99.99
2025-12-25,December,3,Thursday,4188,486.66,477.4,0.3251,104,561.52,86.67
2025-12-26,December,4,Friday,3916,468.27,494.8,0.3598,96,491.67,95.24
2025-12-27,December,5,Saturday,3125,367.95,488.0,0.3067,76,421.53,87.29
2025-12-28,December,6,Sunday,2262,246.8,456.6,0.3089,47,259.85,94.98
2025-12-29,December,0,Monday,5071,574.7,473.8,0.3287,102,547.78,104.91
2025-12-30,December,1,Tuesday,5047,572.51,479.0,0.3638,107,544.59,105.13
2025-12-31,December,2,Wednesday,4811,538.23,461.0,0.327,115,619.16,86.93
